"        AQUILA 인식용 항공편 데이터","","","","","","","","","","","","","",""
"콜사인","출발 공항 ICAO","도착 공항 ICAO","출발 시간","도착 시간","요일별 운항 여부","","","","","","","기종","비고",""
"CALLSIGN","DEP_AIRPORT","ARR_AIRPORT","DEP_TIME","ARR_TIME","SUN","MON","TUE","WED","THR","FRI","SAT","FLEET_TYPE","REMARK",""
"IFK1001","RKSI","RKPC","13:20","14:30","●","●","●","●","●","●","●","B738","CLASS=C|Y",""
"IFK1002","RKPC","RKSI","15:20","16:30","●","●","●","●","●","●","●","B738","CLASS=C|Y",""
"IFK1051","RKSI","RKPK","09:00","10:10","●","●","●","●","●","●","●","A321","CLASS=C|Y",""
"IFK1052","RKPK","RKSI","11:00","12:10","●","●","●","●","●","●","●","A321","CLASS=C|Y",""
"IFK1053","RKSI","RKPK","13:00","14:10","●","●","●","●","●","●","●","A321","CLASS=C|Y",""
"IFK1054","RKPK","RKSI","15:00","16:10","●","●","●","●","●","●","●","A321","CLASS=C|Y",""
"IFK1055","RKSI","RKPK","17:00","18:10","●","●","●","●","●","●","●","A321","CLASS=C|Y",""
"IFK1056","RKPK","RKSI","19:00","20:10","●","●","●","●","●","●","●","A321","CLASS=C|Y",""
"IFK1061","RKSI","RKTN","18:00","19:00","●","●","●","●","●","●","●","B739","CLASS=C|Y",""
"IFK1062","RKTN","RKSI","08:10","09:10","●","●","●","●","●","●","●","B739","CLASS=C|Y",""
"IFK1171","RKSI","RKPU","15:00","16:00","●","●","●","●","●","●","●","B739","CLASS=C|Y",""
"IFK1172","RKPU","RKSI","16:50","17:50","●","●","●","●","●","●","●","B739","CLASS=C|Y",""
"IFK1601","RKSI","RKJB","13:00","14:00","●","●","●","●","●","●","●","A321","CLASS=C|Y",""
"IFK1602","RKJB","RKSI","14:50","15:50","●","●","●","●","●","●","●","A321","CLASS=C|Y",""
"IFK1151","RKSI","RKJY","12:00","13:00","●","●","●","●","●","●","●","B738","CLASS=C|Y",""
"IFK1152","RKJY","RKSI","17:00","18:00","●","●","●","●","●","●","●","B738","CLASS=C|Y",""
"IFK1401","RKSS","RKPC","06:05","07:15","●","●","●","●","●","●","●","B738","CLASS=C|Y",""
"IFK1402","RKPC","RKSS","08:05","09:15","●","●","●","●","●","●","●","B738","CLASS=C|Y",""
"IFK1403","RKSS","RKPC","07:30","08:40","●","●","●","●","●","●","●","A321","CLASS=C|Y",""
"IFK1404","RKPC","RKSS","09:30","10:40","●","●","●","●","●","●","●","A321","CLASS=C|Y",""
"IFK1431","RKSS","RKPC","08:20","09:30","●","●","●","●","●","●","●","A333","CLASS=C|Y",""
"IFK1405","RKSS","RKPC","09:00","10:10","●","●","●","●","●","●","●","B77P","CLASS=F|C|Y",""
"IFK1432","RKPC","RKSS","10:30","11:40","●","●","●","●","●","●","●","A333","CLASS=C|Y",""
"IFK1406","RKPC","RKSS","11:00","12:10","●","●","●","●","●","●","●","B77P","CLASS=F|C|Y",""
"IFK1407","RKSS","RKPC","10:45","11:55","●","●","●","●","●","●","●","B739","CLASS=C|Y",""
"IFK1408","RKPC","RKSS","12:45","13:55","●","●","●","●","●","●","●","B739","CLASS=C|Y",""
"IFK1409","RKSS","RKPC","11:30","12:40","●","●","●","●","●","●","●","B739","CLASS=C|Y",""
"IFK1410","RKPC","RKSS","13:30","14:40","●","●","●","●","●","●","●","B739","CLASS=C|Y",""
"IFK1411","RKSS","RKPC","12:30","13:40","●","●","●","●","●","●","●","A333","CLASS=C|Y",""
"IFK1412","RKPC","RKSS","14:30","15:40","●","●","●","●","●","●","●","A333","CLASS=C|Y",""
"IFK1413","RKSS","RKPC","13:00","14:10","●","●","●","●","●","●","●","B77P","CLASS=F|C|Y",""
"IFK1414","RKPC","RKSS","15:00","16:10","●","●","●","●","●","●","●","B77P","CLASS=F|C|Y",""
"IFK1415","RKSS","RKPC","14:00","15:10","●","●","●","●","●","●","●","A321","CLASS=C|Y",""
"IFK1416","RKPC","RKSS","16:00","17:10","●","●","●","●","●","●","●","A321","CLASS=C|Y",""
"IFK1417","RKSS","RKPC","15:00","16:10","●","●","●","●","●","●","●","B77P","CLASS=F|C|Y",""
"IFK1418","RKPC","RKSS","17:00","18:10","●","●","●","●","●","●","●","B77P","CLASS=F|C|Y",""
"IFK1419","RKSS","RKPC","16:45","17:55","●","●","●","●","●","●","●","B739","CLASS=C|Y",""
"IFK1420","RKPC","RKSS","18:45","19:55","●","●","●","●","●","●","●","B739","CLASS=C|Y",""
"IFK1433","RKSS","RKPC","17:20","18:30","●","●","●","●","●","●","●","A333","CLASS=C|Y",""
"IFK1434","RKPC","RKSS","17:50","19:00","●","●","●","●","●","●","●","A333","CLASS=C|Y",""
"IFK1421","RKSS","RKPC","18:10","19:20","●","●","●","●","●","●","●","B77P","CLASS=F|C|Y",""
"IFK1422","RKPC","RKSS","20:10","21:20","●","●","●","●","●","●","●","B77P","CLASS=F|C|Y",""
"IFK1423","RKSS","RKPC","19:00","20:10","●","●","●","●","●","●","●","A321","CLASS=C|Y",""
"IFK1424","RKPC","RKSS","21:00","22:10","●","●","●","●","●","●","●","A321","CLASS=C|Y",""
"IFK1425","RKSS","RKPC","19:50","21:00","●","●","●","●","●","●","●","B739","CLASS=C|Y",""
"IFK1426","RKPC","RKSS","21:50","23:00","●","●","●","●","●","●","●","B739","CLASS=C|Y",""
"IFK1801","RKSS","RKPS","07:40","08:40","●","●","●","●","●","●","●","B739","CLASS=C|Y",""
"IFK1802","RKPS","RKSS","12:30","13:30","●","●","●","●","●","●","●","B739","CLASS=C|Y",""
"IFK1803","RKSS","RKPS","17:40","18:40","●","●","●","●","●","●","●","A321","CLASS=C|Y",""
"IFK1804","RKPS","RKSS","19:30","20:30","●","●","●","●","●","●","●","A321","CLASS=C|Y",""
"IFK1701","RKSS","RKTN","07:00","08:00","●","●","●","●","●","●","●","B738","CLASS=C|Y",""
"IFK1702","RKTN","RKSS","12:35","13:35","●","●","●","●","●","●","●","B738","CLASS=C|Y",""
"IFK1703","RKSS","RKTN","16:40","17:40","●","●","●","●","●","●","●","A321","CLASS=C|Y",""
"IFK1704","RKTN","RKSS","18:30","19:30","●","●","●","●","●","●","●","A321","CLASS=C|Y",""
"IFK1541","RKSS","RKPU","10:00","11:00","●","●","●","●","●","●","●","B738","CLASS=C|Y",""
"IFK1542","RKPU","RKSS","17:50","18:50","●","●","●","●","●","●","●","B738","CLASS=C|Y",""
"IFK1543","RKSS","RKPU","14:20","15:20","●","●","●","●","●","●","●","A321","CLASS=C|Y",""
"IFK1544","RKPU","RKSS","19:30","20:30","●","●","●","●","●","●","●","A321","CLASS=C|Y",""
"SBK2901","RKSS","RKJJ","08:30","09:25","●","●","●","●","●","●","●","CRJ7","CLASS=Y",""
"SBK2902","RKJJ","RKSS","10:00","10:55","●","●","●","●","●","●","●","CRJ7","CLASS=Y",""
"SBK2903","RKSS","RKJJ","17:00","17:55","●","●","●","●","●","●","●","A319","CLASS=C|Y",""
"SBK2904","RKJJ","RKSS","18:30","19:25","●","●","●","●","●","●","●","A319","CLASS=C|Y",""
"IFK1521","RKSS","RKJY","08:30","09:30","●","●","●","●","●","●","●","B738","CLASS=C|Y",""
"IFK1522","RKJY","RKSS","13:20","14:20","●","●","●","●","●","●","●","B738","CLASS=C|Y",""
"SBK2701","RKSS","RKTH","07:00","08:00","●","●","●","●","●","●","●","A319","CLASS=C|Y",""
"SBK2702","RKTH","RKSS","12:20","13:20","●","●","●","●","●","●","●","A319","CLASS=C|Y",""
"SBK2703","RKSS","RKTH","14:00","15:00","●","●","●","●","●","●","●","CRJ7","CLASS=Y",""
"SBK2704","RKTH","RKSS","19:20","20:20","●","●","●","●","●","●","●","CRJ7","CLASS=Y",""
"SBK2501","RKSS","RKNY","07:00","08:00","●","●","●","●","●","●","●","CRJ7","CLASS=Y",""
"SBK2502","RKNY","RKSS","12:20","13:20","●","●","●","●","●","●","●","CRJ7","CLASS=Y",""
"SBK3201","RKPK","RKSS","07:00","08:00","●","●","●","●","●","●","●","CRJ7","CLASS=Y",""
"SBK3202","RKSS","RKPK","08:40","09:40","●","●","●","●","●","●","●","CRJ7","CLASS=Y",""
"SBK3203","RKPK","RKSS","08:00","09:00","●","●","●","●","●","●","●","A321","CLASS=C|Y",""
"SBK3204","RKSS","RKPK","09:40","10:40","●","●","●","●","●","●","●","A321","CLASS=C|Y",""
"SBK3205","RKPK","RKSS","11:20","12:20","●","●","●","●","●","●","●","A320","CLASS=C|Y",""
"SBK3206","RKSS","RKPK","13:00","14:00","●","●","●","●","●","●","●","A320","CLASS=C|Y",""
"SBK3207","RKPK","RKSS","13:40","14:40","●","●","●","●","●","●","●","A319","CLASS=C|Y",""
"IFK1467","RKSS","RKPK","14:30","15:30","●","●","●","●","●","●","●","A333","CLASS=C|Y",""
"SBK3208","RKSS","RKPK","15:20","16:20","●","●","●","●","●","●","●","A319","CLASS=C|Y",""
"SBK3209","RKPK","RKSS","14:40","15:40","●","●","●","●","●","●","●","A320","CLASS=C|Y",""
"SBK3210","RKSS","RKPK","16:20","17:20","●","●","●","●","●","●","●","A320","CLASS=C|Y",""
"IFK1468","RKPK","RKSS","16:20","17:20","●","●","●","●","●","●","●","A333","CLASS=C|Y",""
"SBK3211","RKPK","RKSS","17:00","18:00","●","●","●","●","●","●","●","A321","CLASS=C|Y",""
"SBK3212","RKSS","RKPK","18:40","19:40","●","●","●","●","●","●","●","A321","CLASS=C|Y",""
"SBK3213","RKPK","RKSS","19:15","20:15","●","●","●","●","●","●","●","A321","CLASS=C|Y",""
"SBK3214","RKSS","RKPK","20:55","21:55","●","●","●","●","●","●","●","A321","CLASS=C|Y",""
"SBK3215","RKPK","RKSS","20:20","21:20","●","●","●","●","●","●","●","CRJ7","CLASS=Y",""
"SBK3216","RKSS","RKPK","22:00","23:00","●","●","●","●","●","●","●","CRJ7","CLASS=Y",""
"SBK3401","RKPK","RKPC","07:20","08:20","●","●","●","●","●","●","●","CRJ7","CLASS=Y",""
"SBK3402","RKPC","RKPK","09:00","10:00","●","●","●","●","●","●","●","CRJ7","CLASS=Y",""
"IFK1753","RKPK","RKPC","08:00","09:10","●","●","●","●","●","●","●","A333","CLASS=C|Y",""
"SBK3403","RKPK","RKPC","10:20","11:20","●","●","●","●","●","●","●","A321","CLASS=C|Y",""
"SBK3404","RKPC","RKPK","12:00","13:00","●","●","●","●","●","●","●","A321","CLASS=C|Y",""
"SBK3405","RKPK","RKPC","12:00","13:00","●","●","●","●","●","●","●","A320","CLASS=C|Y",""
"SBK3406","RKPC","RKPK","13:40","14:40","●","●","●","●","●","●","●","A320","CLASS=C|Y",""
"IFK1754","RKPC","RKPK","13:50","15:00","●","●","●","●","●","●","●","A333","CLASS=C|Y",""
"SBK3407","RKPK","RKPC","14:00","15:00","●","●","●","●","●","●","●","A321","CLASS=C|Y",""
"SBK3408","RKPC","RKPK","15:40","16:40","●","●","●","●","●","●","●","A321","CLASS=C|Y",""
"SBK3409","RKPK","RKPC","14:30","15:30","●","●","●","●","●","●","●","A319","CLASS=C|Y",""
"SBK3410","RKPC","RKPK","16:10","17:10","●","●","●","●","●","●","●","A319","CLASS=C|Y",""
"IFK1755","RKPK","RKPC","15:50","17:00","●","●","●","●","●","●","●","A333","CLASS=C|Y",""
"SBK3411","RKPK","RKPC","17:00","18:00","●","●","●","●","●","●","●","A321","CLASS=C|Y",""
"SBK3412","RKPC","RKPK","18:40","19:40","●","●","●","●","●","●","●","A321","CLASS=C|Y",""
"SBK3413","RKPK","RKPC","17:20","18:20","●","●","●","●","●","●","●","A321","CLASS=C|Y",""
"SBK3414","RKPC","RKPK","19:00","20:00","●","●","●","●","●","●","●","A321","CLASS=C|Y",""
"SBK3415","RKPK","RKPC","18:00","19:00","●","●","●","●","●","●","●","A321","CLASS=C|Y",""
"IFK1756","RKPC","RKPK","19:20","20:30","●","●","●","●","●","●","●","A333","CLASS=C|Y",""
"SBK3416","RKPC","RKPK","19:40","20:40","●","●","●","●","●","●","●","A321","CLASS=C|Y",""
"SBK3417","RKPK","RKPC","20:20","21:20","●","●","●","●","●","●","●","CRJ7","CLASS=Y",""
"SBK3418","RKPC","RKPK","22:00","23:00","●","●","●","●","●","●","●","CRJ7","CLASS=Y",""
"SBK3601","RKPK","RKJB","15:00","16:00","●","●","●","●","●","●","●","CRJ7","CLASS=Y",""
"SBK3602","RKJB","RKPK","17:00","18:00","●","●","●","●","●","●","●","CRJ7","CLASS=Y",""
"SBK3501","RKPK","RKNY","10:00","11:00","●","●","●","●","●","●","●","CRJ7","CLASS=Y",""
"SBK3502","RKNY","RKPK","11:40","12:40","●","●","●","●","●","●","●","CRJ7","CLASS=Y",""
"IFK5471","RKTU","RKPC","08:00","09:00","●","●","●","●","●","●","●","A321","CLASS=C|Y",""
"IFK5472","RKPC","RKTU","10:20","11:20","●","●","●","●","●","●","●","A333","CLASS=C|Y",""
"IFK5473","RKTU","RKPC","12:00","13:00","●","●","●","●","●","●","●","A333","CLASS=C|Y",""
"IFK5474","RKPC","RKTU","13:30","14:30","●","●","●","●","●","●","●","A321","CLASS=C|Y",""
"IFK5475","RKTU","RKPC","15:20","16:20","●","●","●","●","●","●","●","A321","CLASS=C|Y",""
"IFK5476","RKPC","RKTU","17:10","18:10","●","●","●","●","●","●","●","A321","CLASS=C|Y",""
"IFK5477","RKTU","RKPC","19:00","20:00","●","●","●","●","●","●","●","A321","CLASS=C|Y",""
"IFK5478","RKPC","RKTU","20:50","21:50","●","●","●","●","●","●","●","A321","CLASS=C|Y",""
"IFK8401","RKPS","RKPC","09:30","10:10","●","●","●","●","●","●","●","B738","CLASS=C|Y",""
"IFK8402","RKPC","RKPS","11:30","11:40","●","●","●","●","●","●","●","B738","CLASS=C|Y",""
"IFK070","RKPC","RKNW","08:00","09:10","●","●","●","●","●","●","●","B739","CLASS=C|Y",""
"IFK071","RKNW","RKPC","09:50","11:00","●","●","●","●","●","●","●","B739","CLASS=C|Y",""
"IFK072","RKPC","RKNW","16:30","17:40","●","●","●","●","●","●","●","A321","CLASS=C|Y",""
"IFK073","RKNW","RKPC","18:30","19:40","●","●","●","●","●","●","●","A321","CLASS=C|Y",""
"IFK5701","RKTN","RKPC","08:55","09:55","●","●","●","●","●","●","●","B738","CLASS=C|Y",""
"IFK5702","RKPC","RKTN","10:45","11:55","●","●","●","●","●","●","●","B738","CLASS=C|Y",""
"IFK5703","RKTN","RKPC","13:35","14:35","●","●","●","●","●","●","●","A321","CLASS=C|Y",""
"IFK5704","RKPC","RKTN","15:25","16:25","●","●","●","●","●","●","●","A321","CLASS=C|Y",""
"IFK5705","RKTN","RKPC","20:15","21:15","●","●","●","●","●","●","●","B739","CLASS=C|Y",""
"IFK5706","RKPC","RKTN","06:30","07:40","●","●","●","●","●","●","●","B739","CLASS=C|Y",""
"IFK074","RKJK","RKPC","13:00","14:00","●","●","●","●","●","●","●","B738","CLASS=C|Y",""
"IFK075","RKPC","RKJK","14:50","15:50","●","●","●","●","●","●","●","B738","CLASS=C|Y",""
"IFK5401","RKPU","RKPC","11:50","12:30","●","●","●","●","●","●","●","B738","CLASS=C|Y",""
"IFK5402","RKPC","RKPU","13:20","14:00","●","●","●","●","●","●","●","B738","CLASS=C|Y",""
"IFK5403","RKPU","RKPC","14:50","15:30","●","●","●","●","●","●","●","B738","CLASS=C|Y",""
"IFK5404","RKPC","RKPU","16:20","17:00","●","●","●","●","●","●","●","B738","CLASS=C|Y",""
"IFK5101","RKJJ","RKPC","09:30","10:20","●","●","●","●","●","●","●","A321","CLASS=C|Y",""
"IFK5102","RKPC","RKJJ","11:30","12:20","●","●","●","●","●","●","●","B739","CLASS=C|Y",""
"IFK5103","RKJJ","RKPC","13:00","13:50","●","●","●","●","●","●","●","B739","CLASS=C|Y",""
"IFK5104","RKPC","RKJJ","15:00","15:50","●","●","●","●","●","●","●","B739","CLASS=C|Y",""
"IFK5105","RKJJ","RKPC","16:50","17:40","●","●","●","●","●","●","●","B739","CLASS=C|Y",""
"IFK5106","RKPC","RKJJ","20:40","21:30","●","●","●","●","●","●","●","A321","CLASS=C|Y",""
"IFK5451","RKJY","RKPC","10:20","11:00","●","●","●","●","●","●","●","B738","CLASS=C|Y",""
"IFK5452","RKPC","RKJY","11:50","12:30","●","●","●","●","●","●","●","B738","CLASS=C|Y",""
"IFK5463","RKJY","RKTN","13:20","14:20","●","●","●","●","●","●","●","B738","CLASS=C|Y",""
"IFK5464","RKTN","RKJY","15:20","16:20","●","●","●","●","●","●","●","B738","CLASS=C|Y",""
"SBK7401","RKTH","RKPC","16:40","17:40","●","●","●","●","●","●","●","CRJ7","CLASS=Y",""
"SBK7402","RKPC","RKTH","18:20","19:20","●","●","●","●","●","●","●","CRJ7","CLASS=Y",""
"SBK5401","RKNY","RKPC","08:40","09:50","●","●","●","●","●","●","●","CRJ7","CLASS=Y",""
"SBK5402","RKPC","RKNY","10:30","11:40","●","●","●","●","●","●","●","CRJ7","CLASS=Y",""
"IFK001","RKSI","KJFK","10:20","10:20","●","●","●","●","●","●","●","B748","CLASS=F|C|P|Y",""
"IFK002","KJFK","RKSI","12:50","17:15","●","●","●","●","●","●","●","B748","ARR_NEXT_DAY=TRUE, CLASS=F|C|P|Y",""
"IFK005","RKSI","KEWR","13:40","13:40","○","○","●","○","●","○","●","B789","FLEET=SUITE, CLASS=F|C|P|Y",""
"IFK006","KEWR","RKSI","16:10","20:35","○","○","●","○","●","○","●","B789","FLEET=SUITE, ARR_NEXT_DAY=TRUE, CLASS=F|C|P|Y",""
"IFK007","RKSI","KLAX","14:50","08:50","●","●","●","●","●","●","●","B748","CLASS=F|C|P|Y",""
"IFK008","KLAX","RKSI","11:20","18:10","●","●","●","●","●","●","●","B748","ARR_NEXT_DAY=TRUE, CLASS=F|C|P|Y",""
"IFK009","RKSI","KLAX","20:00","14:00","●","●","●","●","●","●","●","B77W","CLASS=F|C|P|Y",""
"IFK010","KLAX","RKSI","21:30","04:00","●","●","●","●","●","●","●","B77W","ARR_NEXT_DAY=TRUE, CLASS=F|C|P|Y",""
"IFK011","RKSI","KSFO","15:10","08:15","●","●","●","●","●","●","●","A359","FLEET=SUITE, CLASS=F|C|P|W|Y","S"
"IFK012","KSFO","RKSI","10:45","16:45","●","●","●","●","●","●","●","A359","FLEET=SUITE, ARR_NEXT_DAY=TRUE, CLASS=F|C|P|W|Y",""
"IFK013","RKSI","KLAS","20:35","14:50","○","○","●","○","●","○","●","B77E","CLASS=F|C|P|Y",""
"IFK014","KLAS","RKSI","17:20","23:45","○","○","●","○","●","○","●","B77E","ARR_NEXT_DAY=TRUE, CLASS=F|C|P|Y",""
"IFK015","RKSI","KDTW","10:20","09:15","●","●","●","●","●","●","●","A359","FLEET=SUITE, CLASS=F|C|P|W|Y",""
"IFK016","KDTW","RKSI","11:45","15:40","●","●","●","●","●","●","●","A359","FLEET=SUITE, ARR_NEXT_DAY=TRUE, CLASS=F|C|P|W|Y",""
"IFK017","RKSI","KATL","10:50","10:15","●","●","●","●","●","●","●","B77W","FLEET=SUITE, CLASS=F|C|P|Y",""
"IFK018","KATL","RKSI","12:45","18:05","●","●","●","●","●","●","●","B77W","FLEET=SUITE, ARR_NEXT_DAY=TRUE, CLASS=F|C|P|Y",""
"IFK019","RKSI","KDFW","10:40","08:20","●","○","●","○","○","●","○","B789","FLEET=SUITE, CLASS=F|C|P|Y",""
"IFK020","KDFW","RKSI","10:50","16:50","●","○","●","○","○","●","○","B789","FLEET=SUITE, ARR_NEXT_DAY=TRUE, CLASS=F|C|P|Y",""
"IFK021","RKSI","KBOS","10:20","09:50","○","●","○","○","●","○","●","B788","CLASS=C|P|Y",""
"IFK022","KBOS","RKSI","11:20","15:20","○","●","○","○","●","○","●","B788","ARR_NEXT_DAY=TRUE, CLASS=C|P|Y",""
"IFK023","RKSI","KORD","10:30","08:20","●","●","●","●","●","●","●","B77W","CLASS=F|C|P|Y",""
"IFK024","KORD","RKSI","10:50","15:55","●","●","●","●","●","●","●","B77W","ARR_NEXT_DAY=TRUE, CLASS=F|C|P|Y",""
"IFK025","RKSI","KIAD","10:30","09:35","●","●","●","●","●","●","●","B77W","FLEET=SUITE, CLASS=F|C|P|Y",""
"IFK026","KIAD","RKSI","12:05","16:45","●","●","●","●","●","●","●","B77W","FLEET=SUITE, ARR_NEXT_DAY=TRUE, CLASS=F|C|P|Y",""
"IFK027","RKSI","KSEA","17:05","09:45","●","●","●","●","●","●","●","B78X","FLEET=SUITE, CLASS=C|P|Y",""
"IFK028","KSEA","RKSI","12:15","16:55","●","●","●","●","●","●","●","B78X","FLEET=SUITE, ARR_NEXT_DAY=TRUE, CLASS=C|P|Y",""
"IFK029","RKSI","KDEN","18:15","14:35","○","●","○","○","●","○","○","B788","CLASS=C|P|Y",""
"IFK030","KDEN","RKSI","17:05","23:25","○","●","○","○","●","○","○","B788","ARR_NEXT_DAY=TRUE, CLASS=C|P|Y",""
"IFK031","RKSI","PHNL","19:30","08:25","●","●","●","●","●","●","●","B748","CLASS=F|C|P|Y",""
"IFK032","PHNL","RKSI","10:55","16:15","●","●","●","●","●","●","●","B748","ARR_NEXT_DAY=TRUE, CLASS=F|C|P|Y",""
"IFK033","RKSI","CYVR","13:40","06:20","●","●","●","●","●","●","●","A359","FLEET=SUITE, STOPOVER=188A, CLASS=F|C|P|W|Y",""
"IFK033","CYVR","KJFK","08:50","16:50","●","●","●","●","●","●","●","A359","FLEET=SUITE, STOPOVER=188B, CLASS=F|C|P|W|Y",""
"IFK034","KJFK","CYVR","18:20","21:30","●","●","●","●","●","●","●","A359","FLEET=SUITE, STOPOVER=190A, CLASS=F|C|P[|W|Y",""
"IFK034","CYVR","RKSI","23:00","04:40","●","●","●","●","●","●","●","A359","FLEET=SUITE, ARR_DAY_AFTER=TRUE, STOPOVER=190B, CLASS=F|C|P|W|Y",""
"IFK035","RKSI","CYYZ","09:55","08:55","●","●","●","●","●","●","●","B788","CLASS=C|P|Y",""
"IFK036","CYYZ","RKSI","11:25","15:10","●","●","●","●","●","●","●","B788","ARR_NEXT_DAY=TRUE, CLASS=C|P|Y",""
"IFK037","RKSI","CYUL","10:05","09:15","○","○","●","○","●","○","●","B788","CLASS=C|P|Y",""
"IFK038","CYUL","RKSI","11:45","15:45","○","○","●","○","●","○","●","B788","ARR_NEXT_DAY=TRUE, CLASS=C|P|Y",""
"IFK039","RKSI","LSGG","07:35","12:25","○","○","●","○","○","○","●","B788","STOPOVER=196A, CLASS=C|P|Y",""
"IFK039","LSGG","KMIA","13:15","17:40","○","○","●","○","○","○","●","B788","STOPOVER=196B, CLASS=C|P|Y",""
"IFK040","KMIA","LSGG","19:40","11:40","○","○","●","○","○","○","●","B788","STOPOVER=198A, ARR_NEXT_DAY=TRUE, CLASS=C|P|Y",""
"IFK040","LSGG","RKSI","12:40","06:30","●","○","○","●","○","○","○","B788","STOPOVER=198B, ARR_NEXT_DAY=TRUE, CLASS=C|P|Y",""
"IFK041","RKSI","KIAH","12:30","10:50","○","○","○","●","○","●","○","B788","CLASS=C|P|Y",""
"IFK042","KIAH","RKSI","12:20","19:05","○","○","○","●","○","●","○","B788","ARR_NEXT_DAY=TRUE, CLASS=C|P|Y",""
"IFK201","RKSI","RJAA","09:00","11:25","●","●","●","●","●","●","●","B789","CLASS=C|P|Y",""
"IFK202","RJAA","RKSI","12:45","15:30","●","●","●","●","●","●","●","B789","CLASS=C|P|Y",""
"IFK203","RKSI","RJAA","18:55","21:15","●","●","●","●","●","●","●","A333","CLASS=C|W|Y",""
"IFK204","RJAA","RKSI","09:10","11:15","●","●","●","●","●","●","●","A333","CLASS=C|W|Y",""
"IFK205","RKSI","RJTT","20:00","22:10","●","●","●","●","●","●","●","B739","CLASS=C|Y",""
"IFK206","RJTT","RKSI","03:00","05:50","●","●","●","●","●","●","●","B739","CLASS=C|Y",""
"IFK207","RKSI","RJBB","10:30","12:15","●","●","●","●","●","●","●","A321","CLASS=C|W|Y",""
"IFK208","RJBB","RKSI","13:35","15:40","●","●","●","●","●","●","●","A321","CLASS=C|W|Y",""
"IFK209","RKSI","RJBB","16:35","18:25","●","●","●","●","●","●","●","B739","CLASS=C|Y",""
"IFK210","RJBB","RKSI","19:45","21:50","●","●","●","●","●","●","●","B739","CLASS=C|Y",""
"IFK211","RKSI","RJFF","09:35","10:55","●","●","●","●","●","●","●","B739","CLASS=C|Y",""
"IFK212","RJFF","RKSI","12:00","13:30","●","●","●","●","●","●","●","B739","CLASS=C|Y",""
"IFK213","RKSI","RJFF","18:25","19:40","●","●","●","●","●","●","●","A321","CLASS=C|W|Y",""
"IFK214","RJFF","RKSI","20:45","22:15","●","●","●","●","●","●","●","A321","CLASS=C|W|Y",""
"IFK215","RKSI","RJCC","10:10","12:50","●","●","●","●","●","●","●","B77E","CLASS=C|W|Y",""
"IFK216","RJCC","RKSI","14:10","17:25","●","●","●","●","●","●","●","B77E","CLASS=C|W|Y",""
"IFK217","RKSI","RJGG","11:00","12:55","●","●","●","●","●","●","●","B788","CLASS=C|W|Y",""
"IFK218","RJGG","RKSI","14:15","16:25","●","●","●","●","●","●","●","B788","CLASS=C|W|Y",""
"IFK219","RKSI","ROAH","10:00","12:25","●","●","●","●","●","●","●","B738","CLASS=C|W|Y",""
"IFK220","ROAH","RKSI","13:45","16:15","●","●","●","●","●","●","●","B738","CLASS=C|W|Y",""
"IFK2201","RKSS","RJTT","08:00","10:05","●","●","●","●","●","●","●","B77P","CLASS=F|C|Y",""
"IFK2202","RJTT","RKSS","11:25","13:55","●","●","●","●","●","●","●","B77P","CLASS=F|C|Y",""
"IFK2203","RKSS","RJTT","19:00","21:15","●","●","●","●","●","●","●","B77P","CLASS=F|C|Y",""
"IFK2204","RJTT","RKSS","09:45","12:15","●","●","●","●","●","●","●","B77P","CLASS=F|C|Y",""
"IFK2205","RKSS","RJBB","09:00","10:45","●","●","●","●","●","●","●","A333","CLASS=C|W|Y",""
"IFK2206","RJBB","RKSS","11:55","13:50","●","●","●","●","●","●","●","A333","CLASS=C|W|Y",""
"IFK2207","RKSS","RJBB","17:00","18:45","●","●","●","●","●","●","●","A321","CLASS=C|W|Y",""
"IFK2208","RJBB","RKSS","19:55","21:45","●","●","●","●","●","●","●","A321","CLASS=C|W|Y",""
"SBK101","RKPK","RJAA","09:00","11:10","●","●","●","●","●","●","●","A321","CLASS=C|Y",""
"SBK102","RJAA","RKPK","12:20","14:30","●","●","●","●","●","●","●","A321","CLASS=C|Y",""
"SBK103","RKPK","RJAA","17:20","19:30","●","●","●","●","●","●","●","A320","CLASS=C|Y",""
"SBK104","RJAA","RKPK","20:20","22:30","●","●","●","●","●","●","●","A320","CLASS=C|Y",""
"SBK105","RKPK","RJBB","10:00","11:30","●","●","●","●","●","●","●","A320","CLASS=C|Y",""
"SBK106","RJBB","RKPK","12:40","14:20","●","●","●","●","●","●","●","A320","CLASS=C|Y",""
"SBK109","RKPK","RJBB","18:00","19:30","●","●","●","●","●","●","●","A320","CLASS=C|Y",""
"SBK110","RJBB","RKPK","20:40","22:20","●","●","●","●","●","●","●","A320","CLASS=C|Y",""
"SBK111","RKPK","RJBB","11:00","11:50","●","●","●","●","●","●","●","A320","CLASS=C|Y",""
"SBK112","RJFF","RKPK","12:30","13:30","●","●","●","●","●","●","●","A320","CLASS=C|Y",""
"SBK115","RKPK","RJFF","20:30","21:20","●","●","●","●","●","●","●","A320","CLASS=C|Y",""
"SBK116","RJFF","RKPK","22:00","23:00","●","●","●","●","●","●","●","A320","CLASS=C|Y",""
"SBK117","RKPK","ROAH","13:30","15:25","●","●","●","●","●","●","●","A320","CLASS=C|Y",""
"SBK118","ROAH","RKPK","16:35","18:35","●","●","●","●","●","●","●","A320","CLASS=C|Y",""
"IFK301","RKSI","ZBAA","09:35","11:15","●","●","●","●","●","●","●","A359","FLEET=SUITE, CLASS=F|C|W|Y",""
"IFK302","ZBAA","RKSI","12:35","15:45","●","●","●","●","●","●","●","A359","FLEET=SUITE, CLASS=F|C|W|Y",""
"IFK303","RKSI","ZBAA","16:30","17:55","●","●","●","●","●","●","●","A333","CLASS=C|W|Y",""
"IFK304","ZBAA","RKSI","19:15","22:30","●","●","●","●","●","●","●","A333","CLASS=C|W|Y",""
"IFK305","RKSI","ZSPD","08:30","09:50","●","●","●","●","●","●","●","B789","CLASS=C|W|Y",""
"IFK306","ZSPD","RKSI","11:10","14:15","●","●","●","●","●","●","●","B789","CLASS=C|W|Y",""
"IFK307","RKSI","ZSPD","18:00","19:20","●","●","●","●","●","●","●","A333","CLASS=C|W|Y",""
"IFK308","ZSPD","RKSI","20:40","23:45","●","●","●","●","●","●","●","A333","CLASS=C|W|Y",""
"IFK309","RKSI","ZGGG","10:00","13:10","●","●","●","●","●","●","●","A333","CLASS=C|W|Y",""
"IFK310","ZGGG","RKSI","14:40","18:50","●","●","●","●","●","●","●","A333","CLASS=C|W|Y",""
"IFK311","RKSI","ZLXY","09:40","12:05","●","●","●","●","●","●","●","A35P","CLASS=C|W|Y",""
"IFK312","ZLXY","RKSI","13:35","17:25","●","●","●","●","●","●","●","A35P","CLASS=C|W|Y",""
"IFK313","RKSI","ZSQD","08:45","09:20","●","●","●","●","●","●","●","A321","CLASS=C|W|Y",""
"IFK314","ZSQD","RKSI","10:25","12:50","●","●","●","●","●","●","●","A321","CLASS=C|W|Y",""
"IFK315","RKSI","VHHH","07:40","10:40","●","●","●","●","●","●","●","A359","FLEET=SUITE, CLASS=F|C|P|W|Y",""
"IFK316","VHHH","RKSI","12:10","16:40","●","●","●","●","●","●","●","A359","FLEET=SUITE, CLASS=F|C|P|W|Y",""
"IFK317","RKSI","VHHH","13:20","16:25","●","●","●","●","●","●","●","B789","FLEET=SUITE, CLASS=F|C|P|Y",""
"IFK318","VHHH","RKSI","17:55","22:30","●","●","●","●","●","●","●","B789","FLEET=SUITE, CLASS=F|C|P|Y",""
"IFK319","RKSI","VHHH","20:25","23:35","●","●","●","●","●","●","●","B77W","CLASS=C|P|Y",""
"IFK320","VHHH","RKSI","01:05","05:30","●","●","●","●","●","●","●","B77W","CLASS=C|P|Y",""
"IFK321","RKSI","VMMC","21:30","00:45","●","●","●","●","●","●","●","A321","CLASS=C|W|Y",""
"IFK322","VMMC","RKSI","02:15","06:30","●","●","●","●","●","●","●","A321","CLASS=C|W|Y",""
"IFK323","RKSI","ZUUU","12:55","15:05","●","●","●","●","●","●","●","A32S","CLASS=C|W|Y",""
"IFK324","ZUUU","RKSI","16:25","20:45","●","●","●","●","●","●","●","A32S","CLASS=C|W|Y",""
"IFK325","RKSI","ZYTL","10:00","10:25","●","●","●","●","●","●","●","B739","CLASS=C|Y",""
"IFK326","ZYTL","RKSI","11:45","14:15","●","●","●","●","●","●","●","B739","CLASS=C|Y",""
"IFK2301","RKSS","ZBAA","09:05","10:30","●","●","●","●","●","●","●","A333","CLASS=C|W|Y",""
"IFK2302","ZBAA","RKSS","11:50","15:00","●","●","●","●","●","●","●","A333","CLASS=C|W|Y",""
"IFK2303","RKSS","ZSSS","16:20","17:25","●","●","●","●","●","●","●","A333","CLASS=C|W|Y",""
"IFK2304","ZSSS","RKSS","18:45","21:45","●","●","●","●","●","●","●","A333","CLASS=C|W|Y",""
"SBK201","RKPK","ZSPD","07:40","08:40","●","●","●","●","●","●","●","A320","CLASS=C|Y",""
"SBK202","ZSPD","RKPK","09:50","12:50","●","●","●","●","●","●","●","A320","CLASS=C|Y",""
"SBK203","RKPK","VHHH","09:20","12:05","●","●","●","●","●","●","●","A321","CLASS=C|Y",""
"SBK204","VHHH","RKPK","14:05","18:20","●","●","●","●","●","●","●","A321","CLASS=C|Y",""
"IFK4301","RKTU","ZSPD","10:00","10:55","●","●","●","●","●","●","●","B738","CLASS=C|W|Y",""
"IFK4302","ZSPD","RKTU","12:00","15:00","●","●","●","●","●","●","●","B738","CLASS=C|W|Y",""
"IFK5103","RKJB","ZSPD","14:00","15:00","○","○","●","○","●","○","●","B738","CLASS=C|W|Y",""
"IFK5104","ZSPD","RKJB","17:00","20:00","○","○","●","○","●","○","●","B738","CLASS=C|W|Y",""
"IFK401","RKSI","RCTP","09:05","11:05","●","●","●","●","●","●","●","B748","CLASS=F|C|P|Y",""
"IFK402","RCTP","RKSI","12:25","15:50","●","●","●","●","●","●","●","B748","CLASS=F|C|P|Y",""
"IFK403","RKSI","RCTP","15:40","18:35","●","●","●","●","●","●","●","B744","CLASS=F|C|W|Y",""
"IFK404","RCTP","RKSI","19:55","23:25","●","●","●","●","●","●","●","B744","CLASS=F|C|W|Y",""
"IFK405","RKSI","RCKH","08:45","10:35","●","●","●","●","●","●","●","B738","CLASS=C|W|Y",""
"IFK406","RCKH","RKSI","11:55","15:45","●","●","●","●","●","●","●","B738","CLASS=C|W|Y",""
"IFK407","RKSI","VVDN","10:00","13:15","●","●","●","●","●","●","●","A321","CLASS=C|W|Y",""
"IFK408","VVDN","RKSI","14:45","21:05","●","●","●","●","●","●","●","A321","CLASS=C|W|Y",""
"IFK409","RKSI","VVDN","19:15","22:20","●","●","●","●","●","●","●","B739","CLASS=C|Y",""
"IFK410","VVDN","RKSI","23:50","06:10","●","●","●","●","●","●","●","B739","ARR_NEXT_DAY=TRUE, CLASS=C|Y",""
"IFK411","RKSI","VVNB","08:25","11:35","●","●","●","●","●","●","●","B77W","CLASS=F|C|P|Y",""
"IFK412","VVNB","RKSI","13:05","19:10","●","●","●","●","●","●","●","B77W","CLASS=F|C|P|Y",""
"IFK413","RKSI","VVNB","20:20","23:20","●","●","●","●","●","●","●","B77E","CLASS=F|C|P|Y",""
"IFK414","VVNB","RKSI","00:50","06:45","●","●","●","●","●","●","●","B77E","CLASS=F|C|P|Y",""
"IFK415","RKSI","VVTS","08:10","11:50","●","●","●","●","●","●","●","A35P","CLASS=C|P|W|Y",""
"IFK416","VVTS","RKSI","13:20","19:10","●","●","●","●","●","●","●","A35P","CLASS=C|P|W|Y",""
"IFK417","RKSI","VVTS","18:20","22:00","●","●","●","●","●","●","●","B77E","CLASS=F|C|P|Y",""
"IFK418","VVTS","RKSI","23:30","06:30","●","●","●","●","●","●","●","B77E","ARR_NEXT_DAY=TRUE, CLASS=F|C|P|Y",""
"IFK419","RKSI","RPLL","07:35","10:50","●","●","●","●","●","●","●","B744","CLASS=F|C|W|Y",""
"IFK420","RPLL","RKSI","12:20","17:10","●","●","●","●","●","●","●","B744","CLASS=F|C|W|Y",""
"IFK421","RKSI",RPMB,"19:05","22:40","●","●","●","●","●","●","●","A333","CLASS=C|W|Y",""
"IFK422",RPMB,"RKSI","00:10","05:35","●","●","●","●","●","●","●","A333","ARR_NEXT_DAY=TRUE, CLASS=C|W|Y",""
"IFK423","RKSI","VTBS","09:00","12:40","●","●","●","●","●","●","●","B77W","CLASS=F|C|P|Y",""
"IFK424",VTBS,"RKSI","22:00","05:15","●","●","●","●","●","●","●","B77W","ARR_NEXT_DAY=TRUE, CLASS=F|C|P|Y",""
"IFK425","RKSI","VTBS","17:35","21:15","●","●","●","●","●","●","●","B744","CLASS=F|C|P|Y",""
"IFK426","VTBS","RKSI","23:25","06:55","●","●","●","●","●","●","●","B744","ARR_NEXT_DAY=TRUE, CLASS=F|C|P|Y",""
"IFK427","RKSI","VTBS","19:55","00:05","●","○","●","○","●","○","●","B77W","ARR_NEXT_DAY=TRUE, CLASS=C|P|Y",""
"IFK427","RKSI","VTBS","19:55","00:05","○","●","○","●","○","●","○","A333","STOPOVER=390A, ARR_NEXT_DAY=TRUE, CLASS=C|P|Y",""
"IFK427","VTBS","VRMM","01:35","03:50","○","○","●","○","●","○","●","A333","STOPOVER=390B, ARR_NEXT_DAY=TRUE, CLASS=C|P|Y",""
"IFK428","VRMM","VTBS","05:20","12:00","○","○","●","○","●","○","●","A333","STOPOVER=311A, ARR_NEXT_DAY=TRUE, CLASS=C|P|Y",""
"IFK428","VTBS","RKSI","13:00","21:00","○","○","●","○","●","○","●","A333","STOPOVER=311B, CLASS=C|P|Y",""
"IFK428","VTBS","RKSI","13:30","21:00","●","●","○","●","○","●","○","B77W","CLASS=C|P|Y",""
"IFK429","RKSI","VTSP","17:25","22:00","●","●","●","●","●","●","●","A333","CLASS=C|W|Y",""
"IFK430","VTSP","RKSI","23:30","07:15","●","●","●","●","●","●","●","A333","ARR_NEXT_DAY=TRUE, CLASS=C|W|Y",""
"IFK471","RKSI","VTCC","17:45","21:45","●","●","●","●","●","●","●","A333","CLASS=C|W|Y",""
"IFK472","VTCC","RKSI","23:15","06:15","●","●","●","●","●","●","●","A333","ARR_NEXT_DAY=TRUE, CLASS=C|W|Y",""
"IFK431","RKSI","VRMM","14:00","19:00","●","●","○","●","○","●","○","B77E","CLASS=F|C|P|Y",""
"IFK432","VRMM","RKSI","20:40","08:40","●","●","○","●","○","●","○","B77E","ARR_NEXT_DAY=TRUE, CLASS=F|C|P|Y",""
"IFK433","RKSI","VDPP","18:30","22:25","●","●","●","●","●","●","●","B738","CLASS=C|W|Y",""
"IFK434","VDPP","RKSI","23:55","06:55","●","●","●","●","●","●","●","B738","ARR_NEXT_DAY=TRUE, CLASS=C|W|Y",""
"IFK435","RKSI","VDSR","07:00","10:50","●","●","○","○","●","●","○","B738","CLASS=P|Y",""
"IFK436","VDSR","RKSI","12:20","19:30","●","●","○","○","●","●","○","B738","CLASS=P|Y",""
"IFK437","RKSI","WSSS","09:15","15:00","●","●","●","●","●","●","●","B77W","FLEET=SUITE, CLASS=F|C|P|Y",""
"IFK438","WSSS","RKSI","16:30","23:55","●","●","●","●","●","●","●","B77W","FLEET=SUITE, CLASS=F|C|P|Y",""
"IFK78","RKSI","WSSS","12:55","18:40","●","●","○","○","●","○","●","A359","FLEET=SUITE, CLASS=F|C|P|Y",""
"IFK79","WSSS","RKSI","00:40","08:00","●","●","○","○","●","○","●","A359","FLEET=SUITE, CLASS=F|C|P|Y",""
"IFK439","RKSI","WSSS","17:35","23:10","●","●","●","●","●","●","●","B748","CLASS=F|C|P|Y",""
"IFK440","WSSS","RKSI","09:15","16:40","●","●","●","●","●","●","●","B748","CLASS=F|C|P|Y",""
"IFK441","RKSI","WMKK","15:45","21:25","●","●","●","●","●","●","●","B77W","CLASS=F|C|P|Y",""
"IFK442","WMKK","RKSI","22:35","06:15","●","●","●","●","●","●","●","B77W","ARR_NEXT_DAY=TRUE, CLASS=F|C|P|Y",""
"IFK443","RKSI","WBKK","18:20","23:50","●","○","●","○","○","●","●","B738","CLASS=P|Y",""
"IFK444","WBKK","RKSI","01:20","07:25","●","●","○","●","○","○","●","B738","CLASS=P|Y",""
"IFK445","RKSI","WIII","16:20","21:35","●","●","●","●","●","●","●","B77W","CLASS=F|C|P|Y",""
"IFK446","WIII","RKSI","23:05","08:05","●","●","●","●","●","●","●","B77W","ARR_NEXT_DAY=TRUE, CLASS=F|C|P|Y",""
"IFK447","RKSI","WADD","08:35","12:45","●","●","●","●","●","●","●","B78X","CLASS=C|W|Y",""
"IFK448","WADD","RKSI","13:45","23:50","●","●","●","●","●","●","●","B78X","CLASS=C|W|Y",""
"IFK449","RKSI","VIDP","13:00","18:50","●","○","●","●","○","○","●","B78X","CLASS=C|W|Y",""
"IFK450","VIDP","RKSI","20:20","06:40","●","○","●","●","○","○","●","B78X","ARR_NEXT_DAY=TRUE, CLASS=C|W|Y",""
"IFK451","RKSI","VNKT","14:35","19:00","●","●","○","●","●","○","○","B788","CLASS=C|P|Y",""
"IFK452","VNKT","RKSI","20:30","05:40","●","●","○","●","●","○","○","B788","ARR_NEXT_DAY=TRUE, CLASS=C|P|Y",""
"IFK453","RKSI","ZMUB","19:05","21:55","●","●","●","●","●","●","●","A32S","CLASS=C|W|Y",""
"IFK454","ZMUB","RKSI","23:25","03:55","●","●","●","●","●","●","●","A32S","ARR_NEXT_DAY=TRUE, CLASS=C|W|Y",""
"IFK455","RKSI","UTTT","16:55","20:45","○","●","○","●","●","○","●","B788","CLASS=C|P|Y",""
"IFK456","UTTT","RKSI","21:35","07:55","○","●","○","●","●","○","●","B788","ARR_NEXT_DAY=TRUE, CLASS=C|P|Y",""
"SBK301","RKPK","RCTP","07:20","08:50","●","●","●","●","●","●","●","A320","CLASS=C|Y",""
"SBK302","RCTP","RKPK","16:00","19:30","●","●","●","●","●","●","●","A320","CLASS=C|Y",""
"SBK303","RKPK","VVDN","19:45","22:25","●","●","●","●","●","●","●","A321","CLASS=C|Y",""
"SBK304","VVDN","RKPK","23:55","06:15","●","●","●","●","●","●","●","A321","ARR_NEXT_DAY=TRUE, CLASS=C|Y",""
"SBK305","RKPK","VVTS","18:50","22:00","●","●","●","●","●","●","●","A321","CLASS=C|Y",""
"SBK306","VVTS","RKPK","23:00","06:40","●","●","●","●","●","●","●","A321","ARR_NEXT_DAY=TRUE, CLASS=C|Y",""
"SBK309","RKPK",RPMB,"11:15","14:30","●","●","●","●","●","●","●","A320","CLASS=C|Y",""
"SBK310",RPMB,"RKPK","15:25","20:35","●","●","●","●","●","●","●","A320","CLASS=C|Y",""
"IFK4305","RKTU","VTBS","10:00","13:05","○","○","●","●","○","●","●","B739","CLASS=C|Y",""
"IFK4306","VTBS","RKTU","02:00","08:50","●","○","○","●","●","○","●","B739","CLASS=C|Y",""
"IFK4307","RKTU","RCTP","09:25","10:35","○","●","●","○","●","○","●","A319","CLASS=C|Y",""
"IFK4308","RCTP","RKTU","12:35","16:00","○","●","●","○","●","○","●","A319","CLASS=C|Y",""
"IFK4309","RKTU","VVDN","18:00","21:10","●","●","●","●","●","●","●","A319","CLASS=C|Y",""
"IFK4310","VVDN","RKTU","02:00","08:20","●","●","●","●","●","●","●","A319","CLASS=C|Y",""
"IFK76","RKTU","WSSS","10:00","15:40","●","○","○","○","○","●","○","A319","CLASS=C|Y",""
"IFK77","WSSS","RKTU","16:35","23:50","●","○","○","○","○","●","○","A319","CLASS=C|Y",""
"IFK501","RKSI","OMDB","13:20","19:05","●","●","●","●","●","●","●","B77E","CLASS=F|C|P|Y",""
"IFK502","OMDB","RKSI","21:35","11:15","●","●","●","●","●","●","●","B77E","ARR_NEXT_DAY=TRUE, CLASS=F|C|P|Y",""
"IFK503","RKSI","LLBG","13:40","19:00","●","●","○","●","○","●","○","B77E","CLASS=F|C|P|Y",""
"IFK504","LLBG","RKSI","21:30","14:45","●","●","○","●","○","●","○","B77E","ARR_NEXT_DAY=TRUE, CLASS=F|C|P|Y",""
"IFK505","RKSI","FAOR","07:25","16:40","○","●","○","●","○","●","○","B78L","CLASS=C|P|Y",""
"IFK506","FAOR","RKSI","19:10","15:20","○","○","●","○","●","○","●","B78L","ARR_NEXT_DAY=TRUE, CLASS=C|P|Y",""
"IFK507","RKSI","HECA","10:20","17:20","○","●","○","●","○","○","●","A35P","CLASS=C|P|W|Y",""
"IFK508","HECA","RKSI","19:50","14:35","○","●","○","●","○","○","●","A35P","ARR_NEXT_DAY=TRUE, CLASS=C|P|W|Y",""
"IFK601","RKSI","EGLL","12:10","15:55","●","●","●","●","●","●","●","B77W","FLEET=SUITE, CLASS=F|C|P|Y",""
"IFK602","EGLL","RKSI","18:15","14:15","●","●","●","●","●","●","●","B77W","FLEET=SUITE, ARR_NEXT_DAY=TRUE, CLASS=F|C|P|Y",""
"IFK603","RKSI","LFPG","12:20","16:50","●","●","●","●","●","●","●","B77W","FLEET=SUITE, CLASS=F|C|P|Y",""
"IFK604","LFPG","RKSI","19:20","14:15","●","●","●","●","●","●","●","B77W","FLEET=SUITE, ARR_NEXT_DAY=TRUE, CLASS=F|C|P|Y",""
"IFK605","RKSI","EDDF","12:35","16:35","●","●","●","●","●","●","●","B77W","FLEET=SUITE, CLASS=F|C|P|Y",""
"IFK606","EDDF","RKSI","19:05","13:30","●","●","●","●","●","●","●","B77W","FLEET=SUITE, ARR_NEXT_DAY=TRUE, CLASS=F|C|P|Y",""
"IFK607","RKSI","LIRF","12:45","17:10","●","●","●","●","●","●","●","B77W","CLASS=F|C|P|Y",""
"IFK608","LIRF","RKSI","19:40","14:40","●","●","●","●","●","●","●","B77W","ARR_NEXT_DAY=TRUE, CLASS=F|C|P|Y",""
"IFK609","RKSI","LIMC","12:25","16:40","○","●","○","○","●","○","●","B77E","CLASS=C|P|Y",""
"IFK610","LIMC","RKSI","19:10","14:10","○","●","○","○","●","○","●","B77E","ARR_NEXT_DAY=TRUE, CLASS=C|P|Y",""
"IFK611","RKSI","LEMD","11:50","17:30","○","●","○","●","○","●","●","B789","FLEET=SUITE, CLASS=F|C|P|Y",""
"IFK612","LEMD","RKSI","20:00","16:20","○","●","○","●","○","●","●","B789","FLEET=SUITE, ARR_NEXT_DAY=TRUE, CLASS=F|C|P|Y",""
"IFK613","RKSI","LEBL","11:55","16:50","○","○","●","○","●","○","●","B789","CLASS=C|P|Y",""
"IFK614","LEBL","RKSI","19:20","15:00","○","○","●","○","●","○","●","B789","ARR_NEXT_DAY=TRUE, CLASS=C|P|Y",""
"IFK615","RKSI","LKPR","13:15","16:35","●","●","●","●","●","●","●","A35P","CLASS=C|P|W|Y",""
"IFK616","LKPR","RKSI","19:05","13:15","●","●","●","●","●","●","●","A35P","ARR_NEXT_DAY=TRUE, CLASS=C|P|W|Y",""
"IFK617","RKSI","LSZH","12:05","18:35","○","○","●","○","●","○","●","B789","FLEET=SUITE, CLASS=F|C|P|Y",""
"IFK618","LSZH","RKSI","21:05","15:45","○","○","●","○","●","○","●","B789","FLEET=SUITE, ARR_NEXT_DAY=TRUE, CLASS=F|C|P|Y",""
"IFK619","RKSI","EHAM","12:15","16:40","○","●","○","●","○","●","○","A333","STOPOVER=388A, CLASS=C|P|W|Y",""
"IFK619","EHAM","EBBR","19:10","19:55","○","●","○","●","○","●","○","A333","STOPOVER=388B, CLASS=C|P|W|Y",""
"IFK620","EBBR","EHAM","20:45","21:40","○","●","○","●","○","●","○","A333","STOPOVER=390A, CLASS=C|P|W|Y",""
"IFK620","EHAM","RKSI","22:30","17:10","○","●","○","●","○","●","○","A333","STOPOVER=390B, ARR_NEXT_DAY=TRUE, CLASS=C|P|W|Y",""
"IFK621","RKSI","EFHK","12:40","15:30","○","●","○","●","○","●","○","A359","FLEET=SUITE, STOPOVER=392A, CLASS=F|C|P|W|Y",""
"IFK621","EFHK","ESSA","18:00","18:00","○","●","○","●","○","●","○","A359","FLEET=SUITE, STOPOVER=392B, CLASS=F|C|P|W|Y",""
"IFK622","ESSA","EFHK","18:50","20:50","○","●","○","●","○","●","○","A359","FLEET=SUITE, STOPOVER=394A, CLASS=F|C|P|W|Y",""
"IFK622","EFHK","RKSI","21:40","13:25","○","●","○","●","○","●","○","A359","FLEET=SUITE, STOPOVER=394B, CLASS=F|C|P|W|Y",""
"IFK623","RKSI","LOWW","12:00","15:35","●","●","○","●","○","●","○","B788","CLASS=C|P|Y",""
"IFK624","LOWW","RKSI","18:05",12:20,"●","●","○","●","○","●","○","B788","ARR_NEXT_DAY=TRUE, CLASS=C|P|Y",""
"IFK625","RKSI","LHBP","11:30","16:15","○","●","○","●","○","○","●","B788","CLASS=C|P|Y",""
"IFK626","LHBP","RKSI","18:45","13:25","○","●","○","●","○","○","●","B788","ARR_NEXT_DAY=TRUE, CLASS=C|P|Y",""
"IFK627","RKSI","LTFM","12:30","18:30","○","○","●","○","●","○","●","B788","CLASS=C|P|Y",""
"IFK628","LTFM","RKSI","21:00","13:10","○","○","●","○","●","○","●","B788","ARR_NEXT_DAY=TRUE, CLASS=C|P|Y",""
"IFK629","RKSI","UUEE","13:35","17:20","●","●","●","●","●","●","●","A333","CLASS=C|P|W|Y",""
"IFK630","UUEE","RKSI","19:50","10:55","●","●","●","●","●","●","●","A333","ARR_NEXT_DAY=TRUE, CLASS=C|P|W|Y",""
"IFK633","RKSI","UHWW","10:00","13:40","●","●","●","●","●","●","●","A321","CLASS=C|Y",""
"IFK634","UHWW","RKSI","15:10","17:30","●","●","●","●","●","●","●","A321","ARR_NEXT_DAY=TRUE, CLASS=C|Y",""
"IFK635","RKSI","EDDM","11:25","15:20","○","●","○","●","○","●","●","A359","FLEET=SUITE, CLASS=F|C|P|W|Y",""
"IFK636","EDDM","RKSI","17:40","11:05","○","●","○","●","○","●","●","A359","FLEET=SUITE, ARR_NEXT_DAY=TRUE, CLASS=F|C|P|W|Y",""
"IFK5105","RKJB","UHWW","08:00","11:30","○","●","○","●","○","●","○","B738","CLASS=P|Y",""
"IFK5106","UHWW","RKJB","13:00","14:40","○","●","○","●","○","●","○","B738","CLASS=P|Y",""
"IFK701","RKSI","YSSY","19:40","07:50","●","●","●","●","●","●","●","B748","ARR_NEXT_DAY=TRUE, CLASS=F|C|P|Y",""
"IFK702","YSSY","RKSI","10:10","19:10","●","●","●","●","●","●","●","B748","CLASS=F|C|P|Y",""
"IFK703","RKSI","YBBN","19:35","06:05","○","●","○","●","○","●","○","B789","ARR_NEXT_DAY=TRUE, CLASS=C|P|Y",""
"IFK704","YBBN","RKSI","08:25","17:15","○","○","●","○","●","○","●","B789","CLASS=C|P|Y",""
"IFK705","RKSI","YMML","20:20","08:50","○","●","○","○","●","○","●","B77E","ARR_NEXT_DAY=TRUE, CLASS=F|C|P|Y",""
"IFK706","YMML","RKSI","11:10","19:40","●","○","●","○","○","●","○","B77E","CLASS=F|C|P|Y",""
"IFK707","RKSI","NZAA","16:30","07:50","○","○","●","○","●","○","●","B77W","ARR_NEXT_DAY=TRUE, CLASS=C|P|Y",""
"IFK708","NZAA","RKSI","10:10","18:05","●","○","○","●","○","●","○","B77W","CLASS=C|P|Y",""
"IFK709","RKSI","PGUM","09:40","15:00","●","●","●","●","●","●","●","A35P","CLASS=C|WY",""
"IFK710","PGUM","RKSI","16:30","20:20","●","●","●","●","●","●","●","A35P","CLASS=C|W|Y",""
"IFK711","RKSI","PGUM","18:15","23:30","●","●","●","●","●","●","●","A333","CLASS=C|W|Y",""
"IFK712","PGUM","RKSI","02:30","06:00","●","●","●","●","●","●","●","A333","CLASS=C|W|Y",""
"IFK713","RKSI","PGSN","10:15","15:35","●","●","●","●","●","●","●","A321","CLASS=C|W|Y",""
"IFK714","PGSN","RKSI","17:05","20:55","●","●","●","●","●","●","●","A321","CLASS=C|W|Y",""
"SBK401","RKPK","PGUM","08:30","13:35","●","●","●","●","●","●","●","A321","CLASS=C|Y",""
"SBK402","PGUM","RKPK","14:45","18:05","●","●","●","●","●","●","●","A321","CLASS=C|Y",""
"SBK403","RKPK","PGSN","09:20","14:25","●","●","●","●","●","●","●","A319","CLASS=C|Y",""
"SBK404","PGSN","RKPK","15:20","18:20","●","●","●","●","●","●","●","A319","CLASS=C|Y",""
"SWK001","RKSI","RJAA","11:50","14:15","●","●","●","●","●","●","●","B788","STOPOVER=428A, CLASS=C|P|W|Y",""
"SWK001","RJAA","NTAA","15:15","07:40","○","○","●","○","●","○","●","B788","STOPOVER=428B, CLASS=C|P|W|Y",""
"SKW002","NTAA","RJAA","09:30","14:20","○","○","●","○","●","○","●","B788","STOPOVER=430A, ARR_NEXT_DAY=TRUE, CLASS=C|P|W|Y",""
"SWK002","RJAA","RKSI","15:30","17:55","●","●","●","●","●","●","●","B788","STOPOVER=430B, CLASS=C|P|W|Y",""
"SWK003","RKSI","RJBB","14:40","15:45","●","●","●","●","●","●","●","B788","STOPOVER=432A, CLASS=C|P|W|Y",""
"SWK003","RJBB","PHNL","17:25","06:20","●","●","●","●","●","●","●","B788","STOPOVER=432B, CLASS=C|P|W|Y",""
"SWK004","PHNL","RJBB","09:25","13:50","●","●","●","●","●","●","●","B788","STOPOVER=434A, ARR_NEXT_DAY=TRUE, CLASS=C|P|W|Y",""
"SWK004","RJBB","RKSI","15:00","16:55","●","●","●","●","●","●","●","B788","STOPOVER=434B, CLASS=C|P|W|Y",""
"SWK005","RKSI","KLAX","11:20","06:30","○","○","●","○","●","○","○","B788","CLASS=C|P|W|Y",""
"SWK006","KLAX","RKSI","08:00","12:50","○","○","●","○","●","○","○","B788","ARR_NEXT_DAY=TRUE, CLASS=C|P|W|Y",""
"SWK051","RKSI","LGAV","00:35","06:25","○","○","○","●","●","○","●","B788","CLASS=C|P|W|Y",""
"SWK052","LGAV","RKSI","07:55","23:55","○","○","○","●","●","○","●","B788","CLASS=C|P|W|Y",""
"SWK053","RKSI","EDDT","06:30","10:45","●","●","○","○","○","●","○","B788","CLASS=C|P|W|Y",""
"SWK054","EDDT","RKSI","12:30","05:00","●","●","○","○","○","●","○","B788","ARR_NEXT_DAY=TRUE, CLASS=C|P|W|Y",""
"SWK083","RKSI","PHNL","21:00","10:20","○","○","●","○","●","●","●","A333","CLASS=C|P|W|Y",""
"SWK084","PHNL","RKSI","11:40","16:55","○","○","●","○","●","●","●","A333","ARR_NEXT_DAY=TRUE, CLASS=C|P|W|Y",""
"SKW085","RKSI","RKPK","11:20","12:30","○","●","○","●","○","○","○","B788","STOPOVER=444A, CLASS=C|P|W|Y",""
"SWK085","RKPK","KLAX","13:20","08:50","○","●","○","●","○","○","○","B788","STOPOVER=444B, CLASS=C|P|W|Y",""
"SWK086","KLAX","RKPK","10:05","14:55","○","○","●","○","●","○","○","B788","STOPOVER=446A, CLASS=C|P|W|Y",""
"SWK086","RKPK","RKSI","15:50","17:00","○","○","●","○","●","○","○","B788","STOPOVER=446B, ARR_NEXT_DAY=TRUE, CLASS=C|P|W|Y",""
"SWK095","RKTU","RKPK","11:40","12:30","●","○","○","○","○","●","○","B788","STOPOVER=448A, CLASS=C|P|W|Y",""
"SWK095","RKPK","KLAX","13:20","08:50","●","○","○","○","○","●","○","B788","STOPOVER=448B, CLASS=C|P|W|Y",""
"SWK096","KLAX","RKPK","10:05","14:55","●","○","○","○","○","●","○","B788","STOPOVER=450A, ARR_NEXT_DAY=TRUE, CLASS=C|P|W|Y",""
"SWK096","RKPK","RKTU","15:50","16:40 ","○","●","○","○","○","○","●","B788","STOPOVER=450B, CLASS=C|P|W|Y",""
"SWK801","RKSI","RCTP","23:35","01:10","●","●","●","●","●","●","●","A333","STOPOVER=452A, ARR_NEXT_DAY=TRUE, CLASS=C|P|W|Y",""
"SWK801","RCTP","VTBS","02:00","04:50","●","●","●","●","●","●","●","A333","STOPOVER=452B, CLASS=C|P|W|Y",""
"SWK802","VTBS","RCTP","07:30","12:15","●","●","●","●","●","●","●","A333","STOPOVER=454A, CLASS=C|P|W|Y",""
"SWK802","RCTP","RKSI","13:20","16:50","●","●","●","●","●","●","●","A333","STOPOVER=454B, CLASS=C|P|W|Y",""
"SWK851","RKSI","WMKJ","13:15","18:35","○","●","●","○","●","●","●","B788","CLASS=C|P|W|Y",""
"SWK852","WMKJ","RKSI","21:20","05:00","○","●","●","○","●","●","●","B788","ARR_NEXT_DAY=TRUE, CLASS=C|P|W|Y",""
"SWK891","RKPK","VTBS","08:40","12:05","●","●","●","●","●","●","●","A333","CLASS=C|P|W|Y",""
"SWK892","VTBS","RKPK","12:55","20:30","●","●","●","●","●","●","●","A333","CLASS=C|P|W|Y",""
"SWK895","RKPK","WSSS","07:50","13:10","●","●","●","○","●","●","●","A333","CLASS=C|P|W|Y",""
"SWK896","WSSS","RKPK","14:30","21:30","●","●","●","○","●","●","●","A333","CLASS=C|P|W|Y",""
"SWK901","RKSI","NWWW","18:35","07:15","○","●","○","●","○","●","○","B788","ARR_NEXT_DAY=TRUE, CLASS=C|P|W|Y",""
"SWK902","NWWW","RKSI","09:30","16:30","○","○","●","○","●","○","●","B788","CLASS=C|P|W|Y",""
"SWK903","RKSI","YBCG","22:00","08:50","○","○","●","○","○","●","●","B788","ARR_NEXT_DAY=TRUE, CLASS=C|P|W|Y",""
"SWK904","YBCG","RKSI","11:25","20:35","●","○","○","●","○","○","●","B788","CLASS=C|P|W|Y",""
"IFK801","RKSI","TNCM","12:50","16:20","○","●","○","○","●","○","○","B78L",CLASS=C|P|Y,""
"IFK802","TNCM","RKSI","08:40","15:10","○","○","●","○","○","●","○","B78L","ARR_NEXT_DAY=TRUE, CLASS=C|P|Y",""
"IFK803","RKSI","SBGR","23:50","10:35","○","●","○","○","●","○","○","A35U","ARR_NEXT_DAY=TRUE, CLASS=F|C|P",""
"IFK804","SBGR","RKSI","12:30","21:45","○","○","●","○","○","●","○","A35U","ARR_NEXT_DAY=TRUE, CLASS=F|C|P",""
"IFK805","RKSI","SBGL","23:50","10:20","○","○","○","●","○","○","●","A35U","ARR_NEXT_DAY=TRUE, CLASS=F|C|P",""
"IFK806","SBGL","RKSI","11:55","20:55","●","○","○","○","●","○","○","A35U","ARR_NEXT_DAY=TRUE, CLASS=F|C|P",""
"IFK807","RKSI",SPIM,"10:20","15:15","●","○","●","○","○","○","○","A35U","CLASS=F|C|P",""
"IFK808",SPIM,"RKSI","18:25","04:25","○","●","○","●","○","○","○","A35U","ARR_NEXT_DAY=TRUE, CLASS=F|C|P",""
"IFK809","RKSI","SKBO","18:00","22:00","○","○","●","○","○","●","○","A35P","CLASS=C|P|W|Y",""
"IFK809","SKBO","SAEZ","23:20","08:10","○","○","●","○","○","●","○","A35P","ARR_NEXT_DAY=TRUE, CLASS=C|P|W|Y",""
"IFK809","SAEZ","SCEL","09:20","11:30","○","○","○","●","○","○","●","A35P","CLASS=C|P|W|Y",""
"IFK810","SCEL","SKBO","12:25","16:30","○","○","○","●","○","○","●","A35P","CLASS=C|P|W|Y",""
"IFK810","SKBO","RKSI","18:00","02:30","●","○","○","○","●","○","○","A35P","ARR_NEXT_DAY=TRUE, CLASS=C|P|W|Y",""
